,Names,First Name
0,1017,1017
1,Aaron,Aaron
2,Acorn,Acorn
5,Ben Moore,Ben
6,Bradley Tench,Bradley
7,Cillian Boyd,Cillian
8,Corinne Wyatt,Corinne
9,David Prentiss,David
10,"David Prentiss, Jr.",David
14,Healers,Healers
17,Ivan Farrow,Ivan
18,Jackson Snow,Jackson
19,Jessica Elizabeth,Jessica
20,Lee,Lee
22,Madeleine Poole,Madeleine
24,Manchee,Manchee
25,Mathidle,Mathidle
26,Mr. Hammar,Mr. Hammar
27,Mr. Hewitt,Mr. Hewitt
28,Mrs. Hewitt,Mrs. Hewitt
29,Nicola Coyle,Nicola
30,River Spackle,River
31,Simone Watkin,Simone
33,Tam,Tam
36,The Burden,The Burden
37,The Sky ,The Sky 
38,Todd Hewitt,Todd
39,Viola Eade,Viola
40,Wilf,Wilf
42,The Ask,The Ask
43,Ben's Battlemore,Ben's
44,The Sky's Battlemore,The Sky's Battlemore
45,0038,0038
49,Con Ledger,Con
53,Duncan,Duncan
54,Fergal,Fergal
55,Francia,Francia
58,Jacob Snow,Jacob
59,James,James
64,Morpeth,Morpeth
73,Whiskey,Whiskey
75,0001,0001
76,1485,1485
77,Angharrad,Angharrad
81,Jane,Jane
82,Jess,Jess
114,Magnus,Magnus
116,Matthew Lyle,Matthew
162,The Pathways,The Pathways
164,The Sky ,The Sky 
